kelime,anlam,kategori,altkategori,misal_1,misal_2,misal_3,chapter
sık sık,often,zarf,zaman,sık sık seni düşünüyorum,,,
bol bol,plenty,zarf,zaman,bol bol çalışıyorum,,,
bazen,sometimes,zarf,zaman,bazen bira içerim,,,
her zaman,always,zarf,zaman,her zaman çalışıyor,,,
genellikle,usually,zarf,zaman,genellikle evdeyim,,,
nadirden,rarely,zarf,zaman,nadirden bulunur,,,
nadire,rarely,zarf,zaman,nadire bulunur,,,
hiç,never,zarf,zaman,hiç gitmem,,,
hiçbir zaman,never,zarf,zaman,hiçbir zaman gitmem,,,
bir kere,once,zarf,zaman,bir kere geldi,,,
şimdi,now,zarf,zaman,şimdi gidiyorum,,,
dün,yesterday,zarf,zaman,dün geldi,,,
yarın,tomorrow,zarf,zaman,yarın geliyor,,,
gece,night,zarf,zaman,gece uyurum,,,
sabah,morning,zarf,zaman,sabah kalkarım,,,
öğlen,noon,zarf,zaman,öğlen yemek yerim,,,
akşam,evening,zarf,zaman,akşam yemek yerim,,,
şimdiye kadar,until now,zarf,zaman,şimdiye kadar gelmedi,,,
hemen,immediately,zarf,zaman,hemen gel,,,
sonra,after,zarf,zaman,sonra gel,,,
sonraki,next,zarf,zaman,sonraki gün,,,
gelecek,future,isim,,,,,
son,final,zarf,zaman,son gün,,,
önce,before,zarf,zaman,önce gel,,,
önceki,previous,zarf,zaman,önceki gün,,,
geç,late,zarf,zaman,geç kaldım,,,
geçen,past,zarf,zaman,geçen gün,,,
erken,early,zarf,zaman,erken kalkarım,,,
erkenden,soon,zarf,zaman,erkenden kalkarım,,,
yakında,soon,zarf,zaman,yakında gel,,,
gençlik,youth,isim,,,,,
düğün,wedding,isim,,,,,
nişan,engagement,isim,,,,,
geveze,talkative,sıfat,,,,,
gösteri,show,isim,,,,,
harçlık,pocket money,isim,,,,,
harf,letter,isim,,,,,
hazırlık,preparation,isim,,,,,
hece,syllable,isim,,,,,
ilginç,interesting,sıfat,,,,,
kaza,accident,isim,,,,,
kurum,institution,isim,,,,,
kutlama,celebration,isim,,,,,
kutlamak,to celebrate,fiil,,,,,
kültür,culture,isim,,,,,
marş,anthem,isim,,,,,
mevsim,season,isim,,,,,
mezuniyet,graduation,isim,,,,,
milli,national,sıfat,,,,,
mola,break,isim,,,,,
nice,good,sıfat,,,,,
nikah,wedding,isim,,,,,
odun,wood,isim,,,,,
ömür,lifetime,isim,,,,,
özel,special,sıfat,,,,,
özgür,free,sıfat,,,,,
özgürlük,freedom,isim,,,,,
resmi,official,sıfat,,,,,
resmi,formal,sıfat,,,,,
saygıdeğer,respectable,sıfat,,,,,
son kullanma tarihi,expiration date,isim,,,,,
ulusal,national,sıfat,,,,,
ücret,fee,isim,,,,,
ücretsiz,free,sıfat,,,,,
vakit,time,isim,,,,,
vatan,homeland,isim,,,,,
yabancı,foreign,sıfat,,,,,
yılbaşı,new year,isim,,,,,
yıl dönümü,anniversary,isim,,,,,
yüzük,ring,isim,,,,,
zafer,victory,isim,,,,,
zorluk,difficulty,isim,,,,,
kuş,bird,isim,hayvan,kuşlar uçar,,,
köpek,dog,isim,hayvan,köpekler havlar,,,
kedi,cat,isim,hayvan,kediler miyavlar,,,
at,horse,isim,hayvan,atlar koşar,,,
inek,cow,isim,hayvan,inekler süt verir,,,
koyun,sheep,isim,hayvan,koyunlar otlar,,,
keçi,goat,isim,hayvan,keçiler otlar,,,
tavuk,chicken,isim,hayvan,tavuklar yumurtlar,,,
ördek,duck,isim,hayvan,ördekler yüzer,,,
kaz,goose,isim,hayvan,kazlar uçar,,,
balık,fish,isim,hayvan,balıklar yüzer,,,
yılan,snake,isim,hayvan,yılanlar sürünür,,,
kaplumbağa,turtle,isim,hayvan,kaplumbağalar yürür,,,
dışarı,outside,sıfat,yön,dışarı gel,,,
içeri,inside,sıfat,yön,içeri gel,,,
zit,opposite,sıfat,yön,zit yönde,,,
uzak,far,sıfat,yön,uzak yer,,,
yakın,near,sıfat,yön,yakın yer,,,
üst,top,sıfat,yön,üst kat,,,
alt,bottom,sıfat,yön,alt kat,,,
ön,front,sıfat,yön,ön kapı,,,
arka,back,sıfat,yön,arka kapı,,,
sağ,right,sıfat,yön,sağ kapı,,,
sol,left,sıfat,yön,sol kapı,,,
güney,south,sıfat,yön,güney kapı,,,
kuzey,north,sıfat,yön,kuzey kapı,,,
doğu,east,sıfat,yön,doğu kapı,,,
batı,west,sıfat,yön,batı kapı,,,
iç,inside,sıfat,yön,iç kapı,,,
içeri,inside,sıfat,yön,,,,
dış,outside,sıfat,yön,dış kapı,,,
karşı,opposite,sıfat,yön,karşı kapı,,,
karşıt,opposite,sıfat,yön,karşıt yönde,,,
aynı,same,sıfat,karşılaştırmak,aynı renk,,,
farklı,different,sıfat,karşılaştırmak,farklı renk,,,
benzer,similar,sıfat,karşılaştırmak,benzer renk,,,
eşit,equal,sıfat,karşılaştırmak,eşit renk,,,
iyi,good,sıfat,karşılaştırmak,iyi insan,,,
kötü,bad,sıfat,karşılaştırmak,kötü insan,,,
güzel,beautiful,sıfat,karşılaştırmak,güzel insan,,,
çirkin,ugly,sıfat,karşılaştırmak,çirkin insan,,,
büyük,big,sıfat,karşılaştırmak,büyük ev,,,
küçük,small,sıfat,karşılaştırmak,küçük ev,,,
uzun,long,sıfat,karşılaştırmak,uzun yol,,,
kısa,short,sıfat,karşılaştırmak,kısa yol,,,
geniş,wide,sıfat,karşılaştırmak,geniş yol,,,
dar,narrow,sıfat,karşılaştırmak,dar yol,,,
yumuşak,soft,sıfat,karşılaştırmak,yumuşak yatak,,,
sert,hard,sıfat,karşılaştırmak,sert yatak,,,
sıcak,hot,sıfat,karşılaştırmak,sıcak su,,,
soğuk,cold,sıfat,karşılaştırmak,soğuk su,,,
temiz,clean,sıfat,karşılaştırmak,temiz ev,,,
kirli,dirty,sıfat,karşılaştırmak,kirli ev,,,
güçlü,strong,sıfat,karşılaştırmak,güçlü adam,,,
zayıf,weak,sıfat,karşılaştırmak,zayıf adam,,,
sağlıklı,healthy,sıfat,karşılaştırmak,zayıf adam,,,
hızlı,fast,sıfat,karşılaştırmak,hızlı araba,,,
yavaş,slow,sıfat,karşılaştırmak,yavaş araba,,,
gürültülü,noisy,sıfat,karşılaştırmak,gürültülü ev,,,
sessiz,quiet,sıfat,karşılaştırmak,sessiz ev,,,
meşgul,busy,sıfat,karşılaştırmak,meşgul adam,,,
boş,empty,sıfat,karşılaştırmak,boş ev,,,
dolu,full,sıfat,karşılaştırmak,dolu ev,,,
kalabalık,crowded,sıfat,karşılaştırmak,kalabalık sokak,,,
sakin,calm,sıfat,karşılaştırmak,sakin sokak,,,
güneşli,sunny,sıfat,karşılaştırmak,güneşli gün,,,
yağmurlu,rainy,sıfat,karşılaştırmak,yağmurlu gün,,,
karlı,snowy,sıfat,karşılaştırmak,karlı gün,,,
rüzgarlı,windy,sıfat,karşılaştırmak,rüzgarlı gün,,,
fincan,cup,isim,mutfak,,,,
tabak,plate,isim,mutfak,,,,
bardak,glass,isim,mutfak,,,,
kaşık,spoon,isim,mutfak,,,,
çatal,fork,isim,mutfak,,,,
bıçak,knife,isim,mutfak,,,,
tencere,pot,isim,mutfak,,,,
tava,pan,isim,mutfak,,,,
eklemek,to add,fiil,mutfak,,,,
karıştırmak,to mix,fiil,mutfak,,,,
haşlamak,to boil in,fiil,mutfak,,,,
kızartmak,to fry,fiil,mutfak,,,,
pişirmek,to cook,fiil,mutfak,,,,
fırında pişirmek,to bake,fiil,mutfak,,,,
mikrodalga fırında pişirmek,to microwave,fiil,mutfak,,,,
dondurmak,to freeze,fiil,mutfak,,,,
çırpmak,to whisk,fiil,mutfak,,,,
doğramak,to chop,fiil,mutfak,,,,
soymak,to peel,fiil,mutfak,,,,
dilimlemek,to slice,fiil,mutfak,,,,
rendelemek,to grate,fiil,mutfak,,,,
ezmek,to crush,fiil,mutfak,,,,
kaynatmak,to bring to a boil,fiil,mutfak,,,,
süzmek,to strain,fiil,mutfak,,,,
koymak,to put,fiil,aktivite,,,,
kavurmak,to roast,fiil,mutfak,,,,
tuzluk,salt shaker,isim,mutfak,,,,
biberlik,pepper shaker,isim,mutfak,,,,
çaydanlık,teapot,isim,mutfak,,,,
dolap,cupboard,isim,ev,,,,
sandalye,chair,isim,ev,,,,
masa,table,isim,ev,,,,
yatak,bed,isim,ev,,,,
koltuk,sofa,isim,ev,,,,
halı,rug,isim,ev,,,,
perde,curtain,isim,ev,,,,
lamba,lamp,isim,ev,,,,
telefon,phone,isim,ev,,,,
televizyon,television,isim,ev,,,,
bilgisayar,computer,isim,ev,,,,
buzdolabı,refrigerator,isim,ev,,,,
fırın,oven,isim,ev,,,,
çamaşır makinesi,washing machine,isim,ev,,,,
bulaşık makinesi,dishwasher,isim,ev,,,,
çamaşır kurutma makinesi,tumble dryer,isim,ev,,,,
klima,air conditioner,isim,ev,,,,
radyatör,radiator,isim,ev,,,,
kapı,door,isim,ev,,,,
pencere,window,isim,ev,,,,
duvar,wall,isim,ev,,,,
tavan,ceiling,isim,ev,,,,
zemin,floor,isim,ev,,,,
merdiven,stair,isim,ev,,,,
çatı,roof,isim,ev,,,,
çiçek,flower,isim,bitkiler,,,,
ağaç,tree,isim,bitkiler,,,,
çalı,bush,isim,bitkiler,,,,
ot,grass,isim,bitkiler,,,,
top,ball,isim,oyuncak,,,,
bahçe,garden,isim,doğa,,,,
orman,forest,isim,doğa,,,,
dağ,mountain,isim,doğa,,,,
göl,lake,isim,doğa,,,,
nehir,river,isim,doğa,,,,
deniz,sea,isim,doğa,,,,
okyanus,ocean,isim,doğa,,,,
gökyüzü,sky,isim,doğa,,,,
bulut,cloud,isim,doğa,,,,
güneş,sun,isim,doğa,,,,
ay,moon,isim,doğa,,,,
yıldız,star,isim,doğa,,,,
gezegen,planet,isim,doğa,,,,
gökkuşağı,rainbow,isim,doğa,,,,
yıldırım,lightning,isim,doğa,,,,
şimşek,thunder,isim,doğa,,,,
ulke,country,isim,yerler,,,,
şehir,city,isim,yerler,,,,
köy,village,isim,yerler,,,,
mahalle,neighborhood,isim,yerler,,,,
cadde,street,isim,yerler,,,,
sokak,road,isim,yerler,,,,
kaldırım,sidewalk,isim,yerler,,,,
otoyol,highway,isim,yerler,,,,
tren yolu,railway,isim,yerler,,,,
liman,port,isim,yerler,,,,
sahil,beach,isim,yerler,,,,
okul,school,isim,yerler,,,,
ev,house,isim,yerler,,,,
hastane,hospital,isim,yerler,,,,
market,market,isim,yerler,,,,
restoran,restaurant,isim,yerler,,,,
kütüphane,library,isim,yerler,,,,
sinema,cinema,isim,yerler,,,,
tiyatro,theater,isim,yerler,,,,
müze,museum,isim,yerler,,,,
park,park,isim,yerler,,,,
otel,hotel,isim,yerler,,,,
kafeterya,cafe,isim,yerler,,,,
pastane,bakery,isim,yerler,,,,
lokanta,restaurant,isim,yerler,,,,
eczane,pharmacy,isim,yerler,,,,
kuaför,barber,isim,yerler,,,,
berber,barber,isim,yerler,,,,
manav,greengrocer,isim,yerler,,,,
kasap,butcher,isim,yerler,,,,
fırın,bakery,isim,yerler,,,,
ceviz,wallnut,isim,yiyecek,,,,
fındık,hazelnut,isim,yiyecek,,,,
badem,almond,isim,yiyecek,,,,
fıstık,pistachio,isim,yiyecek,,,,
karpuz,watermelon,isim,yiyecek,,,,
elma,apple,isim,yiyecek,,,,
armut,pear,isim,yiyecek,,,,
üzüm,grape,isim,yiyecek,,,,
portakal,orange,isim,yiyecek,,,,
mandalina,tangerine,isim,yiyecek,,,,
limon,lemon,isim,yiyecek,,,,
domates,tomato,isim,yiyecek,,,,
salatalık,cucumber,isim,yiyecek,,,,
patlıcan,eggplant,isim,yiyecek,,,,
biber,pepper,isim,yiyecek,,,,
soğan,onion,isim,yiyecek,,,,
sarımsak,garlic,isim,yiyecek,,,,
maydanoz,parsley,isim,yiyecek,,,,
dereotu,dill,isim,yiyecek,,,,
nane,mint,isim,yiyecek,,,,
kekik,thyme,isim,yiyecek,,,,
tuz,salt,isim,yiyecek,,,,
şeker,sugar,isim,yiyecek,,,,
un,flour,isim,yiyecek,,,,
yağ,oil,isim,yiyecek,,,,
süt,milk,isim,yiyecek,,,,
yumurta,egg,isim,yiyecek,,,,
peynir,cheese,isim,yiyecek,,,,
yoğurt,yogurt,isim,yiyecek,,,,
ekmek,bread,isim,yiyecek,,,,
pasta,cake,isim,yiyecek,,,,
kurabiye,biscuit,isim,yiyecek,,,,
çikolata,chocolate,isim,yiyecek,,,,
şekerleme,candy,isim,yiyecek,,,,
çorba,soup,isim,yiyecek,,,,
et,meat,isim,yiyecek,,,,
bal,honey,isim,yiyecek,,,,
reçel,jam,isim,yiyecek,,,,
zeytin,olive,isim,yiyecek,,,,
zeytinyağı,olive oil,isim,yiyecek,,,,
sucuk,sucuk,isim,yiyecek,,,,
sosis,sausage,isim,yiyecek,,,,
pastırma,pastirma,isim,yiyecek,,,,
salam,salam,isim,yiyecek,,,,
mantar,mushroom,isim,yiyecek,,,,
patates,potato,isim,yiyecek,,,,
pirinç,rice,isim,yiyecek,,,,
makarna,pasta,isim,yiyecek,,,,
pilav,pilaf,isim,yiyecek,,,,
salata,salad,isim,yiyecek,,,,
tatlı,dessert,isim,yiyecek,,,,
meze,appetizer,isim,yiyecek,,,,
kahvaltı,breakfast,isim,yiyecek,,,,
öğle yemeği,lunch,isim,yiyecek,,,,
akşam yemeği,dinner,isim,yiyecek,,,,
kahve,coffee,isim,içecek,,,,
çay,tea,isim,içecek,,,,
soda,soda,isim,içecek,,,,
limonata,lemonade,isim,içecek,,,,
meyve suyu,fruit juice,isim,içecek,,,,
su,water,isim,içecek,,,,
kola,cola,isim,içecek,,,,
bira,beer,isim,içecek,,,,
şarap,wine,isim,içecek,,,,
rakı,raki,isim,içecek,,,,
votka,vodka,isim,içecek,,,,
viski,whiskey,isim,içecek,,,,
kalem,pencil,isim,okul,,,,
silgi,eraser,isim,okul,,,,
defter,notebook,isim,okul,,,,
kitap,book,isim,okul,,,,
kalem kutusu,pencil case,isim,okul,,,,
çanta,bag,isim,okul,,,,
sırt çantası,backpack,isim,okul,,,,
kalemtraş,pencil sharpener,isim,okul,,,,
pergel,compass,isim,okul,,,,
cetvel,ruler,isim,okul,,,,
hesap makinesi,calculator,isim,okul,,,,
elbise,dress,isim,giyim,,,,
gömlek,dress shirt,isim,giyim,,,,
pantolon,trousers,isim,giyim,,,,
etek,skirt,isim,giyim,,,,
şort,shorts,isim,giyim,,,,
t-shirt,t-shirt,isim,giyim,,,,
ceket,jacket,isim,giyim,,,,
palto,coat,isim,giyim,,,,
kaban,overcoat,isim,giyim,,,,
mont,jacket,isim,giyim,,,,
eldiven,gloves,isim,giyim,,,,
şapka,hat,isim,giyim,,,,
bere,beret,isim,giyim,,,,
ayakkabı,shoes,isim,giyim,,,,
çizme,boots,isim,giyim,,,,
terlik,slippers,isim,giyim,,,,
çorap,socks,isim,giyim,,,,
kemer,belt,isim,giyim,,,,
kravat,tie,isim,giyim,,,,
atkı,neck scarf,isim,giyim,,,,
şal,shawl,isim,giyim,,,,
eşarp,head scarf,isim,giyim,,,,
gözlük,glasses,isim,giyim,,,,
yüzük,ring,isim,giyim,,,,
küpe,earring,isim,giyim,,,,
saat,watch,isim,giyim,,,,
saat,clock,isim,giyim,,,,
kolye,necklace,isim,giyim,,,,
hemşire,nurse,isim,meslek,,,,
doktor,doctor,isim,meslek,,,,
mühendis,engineer,isim,meslek,,,,
öğretmen,teacher,isim,meslek,,,,
mimar,architect,isim,meslek,,,,
avukat,lawyer,isim,meslek,,,,
hakim,judge,isim,meslek,,,,
polis,police,isim,meslek,,,,
asker,soldier,isim,meslek,,,,
astsubay,sergeant,isim,meslek,,,,
subay,officer,isim,meslek,,,,
itfaiyeci,fireman,isim,meslek,,,,
sanatçı,artist,isim,meslek,,,,
müzisyen,musician,isim,meslek,,,,
şarkıcı,singer,isim,meslek,,,,
şarkı,song,isim,meslek,,,,
manken,model,isim,meslek,,,,
oyuncu,actor,isim,meslek,,,,
yazar,writer,isim,meslek,,,,
şair,poet,isim,meslek,,,,
ressam,painter,isim,meslek,,,,
terzi,tailor,isim,meslek,,,,
ayakkabıcı,shoemaker,isim,meslek,,,,
fırıncı,baker,isim,meslek,,,,
eczacı,pharmacist,isim,meslek,,,,
garson,waiter,isim,meslek,,,,
aşçı,cook,isim,meslek,,,,
şoför,driver,isim,meslek,,,,
pilot,pilot,isim,meslek,,,,
hostes,hostess,isim,meslek,,,,
kaptan,captain,isim,meslek,,,,
terapist,therapist,isim,meslek,,,,
psikolog,psychologist,isim,meslek,,,,
psikiyatrist,psychiatrist,isim,meslek,,,,
diş hekimi,dentist,isim,meslek,,,,
veteriner,veterinarian,isim,meslek,,,,
muhasebeci,accountant,isim,meslek,,,,
bankacı,banker,isim,meslek,,,,
müdür,manager,isim,meslek,,,,
patron,boss,isim,meslek,,,,
işçi,employee,isim,meslek,,,,
çiftçi,farmer,isim,meslek,,,,
balıkçı,fisherman,isim,meslek,,,,
avcı,hunter,isim,meslek,,,,
güvenlik görevlisi,security guard,isim,meslek,,,,
makas,scissors,isim,okul,,,,
meşgul,busy,zarf,davranış,meşgulüm,,,
açıkçası,frankly,zarf,davranış,açıkçası konuş,,,
açıkçası,obviously,zarf,davranış,açıkçası konuş,,,
neyse ki,fortunately,zarf,davranış,neyse ki geldi,,,
maalesef,unfortunately,zarf,davranış,maalesef gitmedi,,,
kesinlikle,definitely,zarf,davranış,kesinlikle gelir,,,
dürüstçe,honestly,zarf,davranış,dürüstçe konuş,,,
hızlıca,quickly,zarf,davranış,hızlıca gel,,,
yavaşça,slowly,zarf,davranış,yavaşça gel,,,
dikkatlice,carefully,zarf,davranış,dikkatlice bak,,,
güzelce,nicely,zarf,davranış,güzelce konuş,,,
açıkça,clearly,zarf,davranış,açıkça anlat,,,
basitçe,simply,zarf,davranış,basitçe anlat,,,
zorla,forcefully,zarf,davranış,zorla yap,,,
kolayca,easily,zarf,davranış,kolayca yap,,,
ciddi bir şekilde,seriously,zarf,davranış,ciddi bir şekilde çalış,,,
bavul,suitcase,isim,seyahat,,,,
valiz,suitcase,isim,seyahat,,,,
gezi,trip,isim,seyahat,,,,
yolcu,traveller,isim,seyahat,,,,
yolculuk,journey,isim,seyahat,,,,
yurt,hostel,isim,seyahat,,,,
balayı,honeymoon,isim,seyahat,,,,
biricik,unique,sıfat,,,,,
birlikte,together,zarf,,,,,
birliktelik,unity,isim,,,,,
boyamak,to paint,fiil,,,,,
boya,paint,isim,,,,,
boyacı,painter,isim,,,,,
bozuk,broken,sıfat,,,,,
bozmak,to break,fiil,,,,,
buçuk,half,isim,,,,,
buket,bouquet,isim,,,,,
cimri,mean,sıfat,,,,,
cömert,generous,sıfat,,,,,
çeşitli,various,sıfat,,,,,
çeyrek,quarter,isim,,,,,
coşku,enthusiasm,isim,,,,,
dalgın,distracted,sıfat,,,,,
dilek,wish,isim,,,,,
dilemek,to wish,fiil,,,,,
dolunay,full moon,isim,,,,,
egemenlik,sovereignty,isim,,,,,
hukuk,law,isim,iş yere,,,,
kızgın,angry,sıfat,,,,,
müsait,free,sıfat,,,,,
seans,session,isim,,,,,
sergi,exhibition,isim,,,,,
site,complex,isim,,,,,
şiir,poem,isim,,,,,
tartışma,discussion,,,,,,
toplantı,meeting,iş yeri,,,,,
terlik,slipper,isim,giyim,,,,
uygun,suıtable,sıfat,,,,,
yalan,lie,sıfat,,,,,
yanlış,wrong,sıfat,,,,,
yurt dışı,abroad,isim,,,,,
yurt içi,domestic,isim,,,,,
yurt,country,isim,,,,,
amca,uncle,isim,aile,,,,
anne,mother,isim,aile,,,,
baba,father,isim,aile,,,,
büyükanne,grandmother,isim,aile,,,,
büyükbaba,grandfather,isim,aile,,,,
dayı,uncle,isim,aile,,,,
dede,grandfather,isim,aile,,,,
hala,aunt,isim,aile,,,,
kuzen,cousin,isim,aile,,,,
teyze,aunt,isim,aile,,,,
torun,grandchild,isim,aile,,,,
ağız,mouth,isim,vücut,,,,
baş,head,isim,vücut,,,,
bel,waist,isim,vücut,,,,
boyun,neck,isim,vücut,,,,
burun,nose,isim,vücut,,,,
dil,tongue,isim,vücut,,,,
akıl,mind,isim,vücut,,,,
dirsek,elbow,isim,vücut,,,,
diz,knee,isim,vücut,,,,
el,hand,isim,vücut,,,,
göz,eye,isim,vücut,,,,
kaş,eyebrow,isim,vücut,,,,
kulak,ear,isim,vücut,,,,
omuz,shoulder,isim,vücut,,,,
saç,hair,isim,vücut,,,,
sırt,back,isim,vücut,,,,
tırnak,nail,isim,vücut,,,,
yüz,face,isim,vücut,,,,
ayak,foot,isim,vücut,,,,
bacak,leg,isim,vücut,,,,
kalça,hip,isim,vücut,,,,
kemik,bone,isim,vücut,,,,
kol,arm,isim,vücut,,,,
parmak,finger,isim,vücut,,,,
karın,stomach,isim,vücut,,,,
göğüs,chest,isim,vücut,,,,
kalp,heart,isim,vücut,,,,
akciğer,lung,isim,vücut,,,,
beyin,brain,isim,vücut,,,,
deri,skin,isim,vücut,,,,
diş,tooth,isim,vücut,,,,
dudak,lip,isim,vücut,,,,
alın,forehead,isim,vücut,,,,
çene,jaw,isim,vücut,,,,
çene,chin,isim,vücut,,,,
yanak,cheek,isim,vücut,,,,
boyun,throat,isim,vücut,,,,
elmacık,cheekbone,isim,vücut,,,,
göz kapağı,eyelid,isim,vücut,,,,
göz kırpmak,wink,isim,vücut,,,,
göz yaşarmak,tear,isim,vücut,,,,
gözaltı,under eye,isim,vücut,,,,
gözbebeği,pupil,isim,vücut,,,,
anaokulu,kindergarten,isim,yeler,,,,
ilkokul,primary school,isim,yeler,,,,
ortaokul,middle school,isim,yeler,,,,
lise,high school,isim,yeler,,,,
üniversite,university,isim,yeler,,,,
kolej,college,isim,yeler,,,,
anahtar,key,isim,,,,,
kilit,lock,isim,,,,,
kilitli,locked,isim,,,,,
çift,couple,isim,,,,,
tek,single,isim,,,,,
evli,married,isim,,,,,
bekar,single,isim,,,,,
enfes,delicious,sıfat,,,,,
hala,still,zarf,,,,,
hala,yet,zarf,,,,,
havuz,pool,isim,,,,,
karı,wife,isim,aile,,,,
koca,husband,isim,aile,,,,
mektup,letter,isim,iş yeri,,,,
omuz,shoulder,isim,vücut,,,,
şirket,company,isim,iş yeri,,,,
teneffüs,recess,isim,okul,,,,
ütü,iron,isim,ev,,,,
yaramaz,naughty,sıfat,,,,,
zevkli,enjoyable,sıfat,,,,,
boyun,tall,sıfat,,boyun kaç,,,
tavşan,rabbit,isim,hayvan,tavşanlar zıplar,,,
fare,mouse,isim,hayvan,fareler kaçar,,,
kurt,wolf,isim,hayvan,kurtlar ulur,,,
ayı,bear,isim,hayvan,ayılar yatar,,,
kaplan,tiger,isim,hayvan,kaplanlar avlanır,,,
fil,elephant,isim,hayvan,filler yıkanır,,,
zürafa,giraffe,isim,hayvan,zürafalar uzar,,,
maymun,monkey,isim,hayvan,maymunlar zıplar,,,
anlamak,to understand,fiil,bilişsel,anlayarak...,,,
bilmek,to know,fiil,bilişsel,bilerek...,,,
hatırlamak,to remember,fiil,bilişsel,hatırlayarak...,,,
unutmak,to forget,fiil,bilişsel,unutarak...,,,
görmek,to see,fiil,bilişsel,görerek...,,,
duymak,to hear,fiil,bilişsel,duyarak...,,,
dokunmak,to touch,fiil,bilişsel,dokunarak...,,,
tatmak,to taste,fiil,bilişsel,tatara...,,,
koklamak,to smell,fiil,bilişsel,koklayarak...,,,
sevmek,to love,fiil,bilişsel,severek...,,,
hoşlanmak,to like,fiil,bilişsel,hoşlanarak...,,,
nefret etmek,to hate,fiil,bilişsel,nefret ederek...,,,
korkmak,to fear,fiil,bilişsel,korkarak...,,,
sevinmek,to happy,fiil,bilişsel,sevinerek...,,,
üzülmek,to sad,fiil,bilişsel,üzülerek...,,,
sinirlenmek,to angry,fiil,bilişsel,sinirlenerek...,,,
mutlu olmak,to happy,fiil,bilişsel,mutlu olurum,,,
üzgün olmak,to sad,fiil,bilişsel,üzgün olurum,,,
konuşmak,to speak,fiil,bilişsel,konuşarak anlatırım,,,
dinlemek,to listen,fiil,bilişsel,dinleyerek öğrenirim,,,
bayılmak,to faint,fiil,bilişsel,seni bayılıyorum,,,
gülmek,to laugh,fiil,bilişsel,,,,
ağlamak,to cry,fiil,bilişsel,,,,
özlemek,to miss,fiil,bilişsel,seni özledim,,,
özür dilemek,to apologize,fiil,bilişsel,,,,
demek,to say,fiil,bilişsel,,,,
koşmak,to run,fiil,faaliyet,dışarıda koşuyorum,,,
yürümek,to walk,fiil,faaliyet,okula yürüyerek giderim,,,
gitmek,to go,fiil,faaliyet,okula giderim,,,
gelmek,to come,fiil,faaliyet,okuldan gelirim,,,
oturmak,to sit,fiil,faaliyet,oturarak...,,,
kalkmak,to stand up,fiil,faaliyet,kalkarak...,,,
çalışmak,to work,fiil,faaliyet,çalışarak para kazanırım,,,
dinlenmek,to rest,fiil,faaliyet,dinlenerek...,,,
uyumak,to sleep,fiil,faaliyet,uyuyarak dinlenirim,,,
yemek,to eat,fiil,faaliyet,yemek yerim,,,
içmek,to drink,fiil,faaliyet,su içerim,,,
okumak,to read,fiil,faaliyet,kitap okurum,,,
yazmak,to write,fiil,faaliyet,yazarak öğrenirim,,,
çizmek,to drawing,fiil,faaliyet,çizerek öğrenirim,,,
boyamak,to paint,fiil,faaliyet,boyayarak öğrenirim,,,
öğrenmek,to learn,fiil,faaliyet,öğrenerek...,,,
öğretmek,to teach,fiil,faaliyet,öğreterek...,,,
çamaşır yıkamak,wash clothes,fiil,faaliyet,çamaşır yıkayarak...,,,
bulaşık yıkamak,wash dishes,fiil,faaliyet,bulaşık yıkayarak...,,,
temizlemek,clean,fiil,faaliyet,temizleyerek...,,,
toz almak,to dust,fiil,faaliyet,toz alarak...,,,
binmek,to get on,fiil,faaliyet,,,,
bırakmak,to leave,fiil,faaliyet,,,,
çıkmak,to get out,fiil,faaliyet,,,,
dolmak,to be full,fiil,faaliyet,,,,
düşmek,to fall,fiil,faaliyet,,,,
inmek,to get off,fiil,faaliyet,,,,
kalmak,to stay,fiil,faaliyet,,,,
kapatmak,to close,fiil,faaliyet,,,,
kaybolmak,to get lost,fiil,faaliyet,,,,
kırmak,to break,fiil,faaliyet,,,,
biriktirmek,to save,fiil,faaliyet,,,,
çıkmak,to go out,fiil,faaliyet,,,,
dolaşmak,to wander,fiil,faaliyet,,,,
dönmek,to turn,fiil,faaliyet,,,,
gezmek,to travel,fiil,faaliyet,,,,
durmek,to stop,fiil,faaliyet,,,,
fotoğraf çekmek,to take a photo,fiil,faaliyet,,,,
çekmek,to take/pull,fiil,faaliyet,,,,
göstermek,to show,fiil,faaliyet,,,,
geçmek,to pass,fiil,faaliyet,,,,
girmek,to enter,fiil,faaliyet,,,,
hazırlamak,to prepare,fiil,faaliyet,,,,
hazırlanmak,to get ready,fiil,faaliyet,,,,
kaybetmek,to lose,fiil,faaliyet,,,,
kullanmak,to use,fiil,faaliyet,,,,
çalmak,to play (instrument),fiil,faaliyet,,,,
çalmak,to steal,fiil,faaliyet,,,,
kalkmak,to get up,fiil,faaliyet,,,,
kalmak,to remain,fiil,faaliyet,,,,
kalmak,to stay,fiil,faaliyet,,,,
izlemek,to watch,fiil,faaliyet,,,,
ödemek,to pay,fiil,faaliyet,,,,
sormak,to ask,fiil,faaliyet,,,,
söylemek,to tell,fiil,faaliyet,,,,
tutmak,to hold,fiil,faaliyet,,,,
vermek,to give,fiil,faaliyet,,,,
almak,to take,fiil,faaliyet,,,,
yapmak,to do,fiil,faaliyet,,,,
etmek,to do,fiil,faaliyet,,,,
konuşmak,to talk,fiil,faaliyet,,,,
korkmak,to be afraid,fiil,faaliyet,,,,
koymak,to put,fiil,faaliyet,,,,
oynamak,to play,fiil,faaliyet,,,,
pişirmek,to cook,fiil,faaliyet,,,,
saç kestirmek,to have a haircut,fiil,faaliyet,,,,
sanmak,to think,fiil,faaliyet,,,,
sıkılmak,to be bored,fiil,faaliyet,,,,
tanımak,to know,fiil,faaliyet,,,,
tanımak,to recognıze,fiil,faaliyet,,,,
stres yapmak,to stress,fiil,faaliyet,,,,
tırmanmak,to climb,fiil,faaliyet,,,,
uzanmak,to lie down,fiil,faaliyet,,,,
varmak,to arrive,fiil,faaliyet,,,,
yardım etmek,to help,fiil,faaliyet,,,,
yardım istemek,to ask for help,fiil,faaliyet,,,,
yaşamak,to live,fiil,faaliyet,,,,
yorulmak,to get tired,fiil,faaliyet,,,,
yüzmek,to swim,fiil,faaliyet,,,,
zıplamak,to jump,fiil,faaliyet,,,,
çözmek,to solve,fiil,faaliyet,,,,
anlatmak,to tell,fiil,faaliyet,,,,
hissetmek,to feel,fiil,faaliyet,,,,
göndermek,to send,fiil,faaliyet,,,,
asmak,to hang,fiil,faaliyet,,,,
atlamak,to jump,fiil,faaliyet,,,,
beklemek,to wait,fiil,faaliyet,,,,
bulmak,to find,fiil,faaliyet,,,,
benzemek,to resemble,fiil,faaliyet,,,,
bozulmak,to be broken,fiil,faaliyet,,,,
değiştirmek,to change,fiil,faaliyet,,,,
doğmak,to be born,fiil,faaliyet,,,,
eğlenmek,to have fun,fiil,faaliyet,,,,
gelişmek,to develop,fiil,faaliyet,,,,
el öpmek,to kiss the hand,fiil,faaliyet,,,,
öpmek,to kiss,fiil,faaliyet,,,,
evlenmek,to get married,fiil,faaliyet,,,,
gecikmek,to be late,fiil,faaliyet,,,,
gösteri yapmak,to perform,fiil,faaliyet,,,,
götürmek,to carry,fiil,faaliyet,,,,
ikram etmek,to offer,fiil,faaliyet,,,,
heyecanlanmak,to get excited,fiil,faaliyet,,,,
kapanmak,to shut down,fiil,faaliyet,,,,
karşılamak,to meet,fiil,faaliyet,,,,
tanışmak,to meet,fiil,faaliyet,,,,
buluşmak,to meet,fiil,faaliyet,,,,
kavuşmak,to meet,fiil,faaliyet,,,,
görüşmek,to meet,fiil,faaliyet,,,,
katılmak,to join,fiil,faaliyet,,,,
kolonya dökmek,to pour cologne,fiil,faaliyet,,,,
dökmek,to pour,fiil,faaliyet,,,,
korumak,to protect,fiil,faaliyet,,,,
kutlumak,to congratulate,fiil,faaliyet,,,,
para toplamak,to collect money,fiil,faaliyet,,,,
toplamak,to collect,fiil,faaliyet,,,,
rihinlemek,to sneeze,fiil,faaliyet,,,,
pişman olmak,to regret,fiil,faaliyet,,,,
pişmanlık,regret,fiil,faaliyet,,,,
söz vermek,to promise,fiil,faaliyet,,,,
yalan söylemek,to lie,fiil,faaliyet,,,,
satın almak,to buy,fiil,faaliyet,,,,
satmak,to sell,fiil,faaliyet,,,,
sürmek,to drive,fiil,faaliyet,,,,
tutmak,to hold,fiil,faaliyet,,,,
tasarlamak,to design,fiil,faaliyet,,,,
uğur getirmek,to bring luck,fiil,faaliyet,,,,
üflemek,to blow,fiil,faaliyet,,,,
üzmek,to upset,fiil,faaliyet,,,,
vedalaşmak,to say goodbye,fiil,faaliyet,,,,
vurmak,to hit,fiil,faaliyet,,,,
yakmak,to burn,fiil,faaliyet,,,,
yaşlanmak,to get old,fiil,faaliyet,,,,
yenmek,to win,fiil,faaliyet,,,,
yer ayırtmak,to reserve,fiil,faaliyet,,,,
yıkamak,to wash,fiil,faaliyet,,,,
yıkanmak,to wash,fiil,faaliyet,,,,
zaman geçirmek,to spend time,fiil,faaliyet,,,,
ziyaret etmek,to visit,fiil,faaliyet,,,,
başkası,someone else,isim,,,,,
suslenmek,to get dressed,fiil,faaliyet,,,,
giyinmek,to get dressed,fiil,faaliyet,,,,
soyunmak,to undress,fiil,faaliyet,,,,
suslenmiş,well dressed,sıfat,,,,,
üzereyim,I am about to,zarf,,,,,
bıyık,mustache,isim,vücut,,,,
bıyıklı,mustached,sıfat,,,,,
bol,plenty,sıfat,,,,,
bulut,cloud,isim,doğa,,,,
sırasında,during,zarf,,,,,
kayın validesi,parents-in-law,isim,aile,,,,
kayın peder,father-in-law,isim,aile,,,,
patlamak,to explode,fiil,faaliyet,,,,
patlamış,popped,sıfat,,,,,
patlamış mısır,popcorn,isim,yiyecek,,,,
kiskanmak,to be jealous,fiil,faaliyet,,,,
kiskanç,jealous,sıfat,,,,,
karanlık,dark,sıfat,,,,,
yaprak,leaf,isim,bitkiler,,,,
toprak,soil,isim,doğa,,,,
kum,sand,isim,doğa,,,,
taş,stone,isim,doğa,,,,
çakıl,pebble,isim,doğa,,,,
çamur,mud,isim,doğa,,,,
çeşit,variety,isim,,,,,
çeşitli,various,sıfat,,,,,
büyümek,to grow,fiil,faaliyet,,,,
büyümüş,grown,sıfat,,,,,
böyle,like this,zarf,,,,,
böylece,thus,zarf,,,,,
köşe,corner,isim,,,,,
köşeli,cornered,sıfat,,,,,
dikey,vertical,sıfat,,,,,
yatay,horizontal,sıfat,,,,,
araştırmak,to research,fiil,faaliyet,,,,
araştırma,research,isim,,,,,
araştırmacı,researcher,isim,,,,,
afiş,poster,isim,,,,,
alan,field,isim,,,,,
alışkanlık,habit,isim,,,,,
belgesel,documentary,isim,,,,,
bilgi,information,isim,,,,,
bilim,science,isim,,,,,
bilim adamı,scientist,isim,,,,,
bilimkurgu,science fiction,isim,,,,,
bulmaca,puzzle,isim,,,,,
bulunur,found,sıfat,,,,,
bulunmaktadır,found,sıfat,,,,,
cisim,object,isim,,,,,
çöp,garbage,isim,,,,,
çöp kutusu,trash can,isim,,,,,
damla,drip,isim,,,,,
deneysel,experimental,sıfat,,,,,
deney,experiment,isim,,,,,
deney yapmak,to experiment,fiil,faaliyet,,,,
damlacık,droplet,isim,,,,,
dedikodu,gossip,isim,,,,,
delikanlı,young man,sıfat,,,,,
beslenmek,to feed,fiil,faaliyet,,,,
dolu,full,sıfat,,,,,
doluluk,fullness,isim,,,,,
etraf,around,isim,,,,,
fay,benefit,isim,,,,,
genişlik,width,isim,,,,,
gözlemlemek,to observe,fiil,faaliyet,,,,
gözlem,observation,isim,,,,,
gözlemci,observer,isim,,,,,
gözlem yapmak,to observe,fiil,faaliyet,,,,
gişe memuru,box office clerk,isim,,,,,
görev,task,isim,,,,,
görevli,official,isim,,,,,
görev yapmak,to serve,fiil,faaliyet,,,,
hokkabaz,magician,isim,,,,,
hokkabazlık,magic,isim,,,,,
hokkabazlık yapmak,to do magic,fiil,faaliyet,,,,
hortum,trunk,isim,,,,,
ılıman,mild,sıfat,,,,,
ihtimal,possibility,isim,,,,,
iklim,climate,isim,,,,,
iskelet,skeleton,isim,,,,,
kırık,broken,sıfat,,,,,
kırık olmak,to be broken,fiil,faaliyet,,,,
korku,fear,isim,,,,,
korkutmak,to scare,fiil,faaliyet,,,,
korkutucu,scary,sıfat,,,,,
köşk,mansion,isim,,,,,
kum,beach,isim,,,,,
kum fırtınası,sandstorm,isim,,,,,
kurak,dry,sıfat,,,,,
kuraklık,drought,isim,,,,,
kurtulmak,to get rid of,fiil,faaliyet,,,,
manzara,landscape,isim,,,,,
nehir,river,isim,,,,,
nemlilik,humidity,isim,,,,,
nem,moisture,isim,,,,,
öğle,noon,isim,,,,,
öğle yemeği,lunch,isim,,,,,
öğle arası,lunch break,isim,,,,,
serin,cool,sıfat,,,,,
sihirbaz,magician,isim,,,,,
toz, dust,isim,,,,,
toz fırtınası,dust storm,isim,,,,,
teslim etmek,to deliver,fiil,faaliyet,,,,
teslim,delivery,isim,,,,,
tür,species,isim,,,,,
vazo,vase,isim,,,,,
yatılı okul,boarding school,isim,,,,,
yazlık ev,summer house,isim,,,,,
yazlık kıyafet,summer clothes,isim,,,,,
yer çekimi,gravity,isim,,,,,
yer kabuğu,earth crust,isim,,,,,
yer yuvarlağı,globe,isim,,,,,
yer yüzeyi,earth surface,isim,,,,,
yeraltı,underground,isim,,,,,
yeraltı suyu,groundwater,isim,,,,,
yıldırım,lightning,isim,,,,,
yöresel,local,sıfat,,,,,
ziyaret,visit,isim,,,,,
batmak,to sink,fiil,faaliyet,,,,
çarpmak,to hit,fiil,faaliyet,,,,
dağıtmak,to distribute,fiil,faaliyet,,,,
dizilmek,to line up,fiil,faaliyet,,,,
donmak,to freeze,fiil,faaliyet,,,,
fırçalamak,to brush,fiil,faaliyet,,,,
horlamak,to snore,fiil,faaliyet,,,,
kaçmak,to escape,fiil,faaliyet,,,,
kaybetmek,to lose,fiil,faaliyet,,,,
kaybolmak,to get lost,fiil,faaliyet,,,,
imzalamak,to sign,fiil,faaliyet,,,,
imza atmak,to sign,fiil,faaliyet,,,,
iyileşmek,to recover,fiil,faaliyet,,,,
karşılaşmak,to encounter,fiil,faaliyet,,,,
kaynamak,to boil,fiil,faaliyet,,,,
küsmek,to be offended,fiil,faaliyet,,,,
nişanlanmak,to get engaged,fiil,faaliyet,,,,
sallanmak,to swing,fiil,faaliyet,,,,
söndürmek,to extinguish,fiil,faaliyet,,,,
sürtünmek,to rub,fiil,faaliyet,,,,
şaşırmak,to be surprised,fiil,faaliyet,,,,
tartmak,to weigh,fiil,faaliyet,,,,
taşımak,to carry,fiil,faaliyet,,,,
taşmak,to overflow,fiil,faaliyet,,,,
uğraşmak,to strive,fiil,faaliyet,,,,
yapışmak,to stick,fiil,faaliyet,,,,
bir araya gelmek,to come together,fiil,faaliyet,,,,
fay,benefit,isim,,,,,
faydalı,beneficial,sıfat,,,,,
faydasız,useless,sıfat,,,,,
faydalanmak,to benefit,fiil,faaliyet,,,,
faiz,interest,isim,,,,,
duyurmak,to announce,fiil,faaliyet,,,,
gerek,necessary,isim,,,,,
gerekli,necessary,sıfat,,,,,
gereksiz,unnecessary,sıfat,,,,,
gerekmek,to need,fiil,faaliyet,,,,
gereksiz yere,unnecessarily,zarf,,,,,
gerek yok,unnecessary,zarf,,,,,
gerekirse,if necessary,zarf,,,,,
dediğim gibi,as I said,zarf,,,,,
havlamak,to bark,fiil,faaliyet,,,,
ince,thin,sıfat,,,,,
giymek,to wear,fiil,faaliyet,,,,
yağış,precipitation,isim,,,,,
ahşap,wood,isim,,,,,
tahta,board,isim,,,,,
aniden,suddenly,zarf,,,,,a2_u3
askerlik yapmak,to do military service,fiil,faaliyet,,,,a2_u3
başbakan,prime minister,isim,,,,,a2_u3
belediye,city hall,isim,,,,,a2_u3
bölge,region,isim,,,,,a2_u3
büyükelçi,ambassador,isim,,,,,a2_u3
büyükelçilik,embassy,isim,,,,,a2_u3
bülbül,nightingale,isim,,,,,a2_u3
çadır,tent,isim,,,,,a2_u3
çekirdek,sunflower seed,isim,,,,,a2_u3
çevre,environment,isim,,,,,a2_u3
dışkı,feces,isim,,,,,a2_u3
dizi,series,isim,,,,,a2_u3
dürüst,honest,sıfat,,,,,a2_u3
dürüstlük,honesty,isim,,,,,a2_u3
düşman,enemy,isim,,,,,a2_u3
eldiven,gloves,isim,,,,,a2_u3
eş,spouse,isim,,,,,a2_u3
etkinlik,activity,isim,,,,,a2_u3
ev planı,house plan,isim,,,,,a2_u3
fal,fortune telling,isim,,,,,a2_u3
falcı,fortune teller,isim,,,,,a2_u3
ferah,spacious,sıfat,,,,,a2_u3
gelenek,tradition,isim,,,,,a2_u3
harika,wonderful,sıfat,,,,,a2_u3
hayal,imagination,isim,,,,,a2_u3
ılık,warm,sıfat,,,,,a2_u3
icat,invention,isim,,,,,a2_u3
icat etmek,to invent,fiil,faaliyet,,,,a2_u3
inatçı,stubborn,sıfat,,,,,a2_u3
izleyici,audience,isim,,,,,a2_u3
kaban,coat,isim,,,,,a2_u3
kampanya,campaign,isim,,,,,a2_u3
kar,snow,isim,,,,,a2_u3
kazak,sweater,isim,,,,,a2_u3
kıyı,coast,isim,,,,,a2_u3
kıymet,value,isim,,,,,a2_u3
mahalli,local,sıfat,,,,,a2_u3
makyaj,makeup,isim,,,,,a2_u3
makyaj yapmak,to make up,fiil,faaliyet,,,,a2_u3
merasim,ceremony,isim,,,,,a2_u3
meydan,field,isim,,,,,a2_u3
mesai,work shift,isim,,,,,a2_u3
metrekare,square meter,isim,,,,,a2_u3
nehir,river,isim,,,,,a2_u3
nişan,engagement,isim,,,,,a2_u3
nemlilik,humidity,isim,,,,,a2_u3
nem,moisture,isim,,,,,a2_u3
oğul,son,isim,,,,,a2_u3
ödeme,payment,isim,,,,,a2_u3
padişah,sultan,isim,,,,,a2_u3
sağanak,downpour,isim,,,,,a2_u3
sakal,beard,isim,,,,,a2_u3
satılık,for sale,sıfat,,,,,a2_u3
satış,purchase,isim,,,,,a2_u3
savaş,war,isim,,,,,a2_u3
savaşmak,to fight,fiil,faaliyet,,,,a2_u3
savaşçı,fighter,isim,,,,,a2_u3
semt,district,isim,,,,,a2_u3
serin,cool,sıfat,,,,,a2_u3
sınav,exam,isim,,,,,a2_u3
sirk,ring,isim,,,,,a2_u3
sisli,foggy,sıfat,,,,,a2_u3
sörf,surf,isim,,,,,a2_u3
stant,stand,isim,,,,,a2_u3
şelale,waterfall,isim,,,,,a2_u3
şemsiye,umbrella,isim,,,,,a2_u3
tapınak,temple,isim,,,,,a2_u3
tarla,field,isim,,,,,a2_u3
taş,stone,isim,,,,,a2_u3
torun,grandchild,isim,,,,,a2_u3
tur,type,isim,,,,,a2_u3
tur,round,isim,,,,,a2_u3
tuş,key,isim,,,,,a2_u3
vaat,promise,isim,,,,,a2_u3
vakit,time,isim,,,,,a2_u3
valiz,suitcase,isim,,,,,a2_u3
vize,visa,isim,,,,,a2_u3
yanardağ,volcano,isim,,,,,a2_u3
yoğunluk,density,isim,,,,,a2_u3
yoğun,intense,sıfat,,,,,a2_u3
yosun,algae,isim,,,,,a2_u3
anlaşmak,to agree,fiil,faaliyet,,,,a2_u3
artmak,to increase,fiil,,,,,a2_u3
azalmak,to decrease,fiil,,,,,a2_u3
balik tutmak,to fish,fiil,faaliyet,,,,a2_u3
boyamak,to paint,fiil,faaliyet,,,,a2_u3
çağırmak,to call,fiil,faaliyet,,,,a2_u3
çalıştırmak,to make work,fiil,faaliyet,,,,a2_u3
çalıştırmak,to operate,fiil,faaliyet,,,,a2_u3
çizmek,to draw,fiil,faaliyet,,,,a2_u3
dalmak,to dive,fiil,faaliyet,,,,a2_u3
değiştirmek,to change,fiil,faaliyet,,,,a2_u3
düzlenlemek,to arrange,fiil,faaliyet,,,,a2_u3
geçirmek,to spend,fiil,faaliyet,,,,a2_u3
geçmek,to pass,fiil,faaliyet,,,,a2_u3
gerçekleştirmek,to realize,fiil,faaliyet,,,,a2_u3
gezmek,to visit,fiil,faaliyet,,,,a2_u3
gezmek,to travel,fiil,faaliyet,,,,a2_u3
göndermek,to send,fiil,faaliyet,,,,a2_u3
görüşmek,to meet,fiil,faaliyet,,,,a2_u3
güneşlenmek,to sunbathe,fiil,faaliyet,,,,a2_u3
ikna etmek,to convince,fiil,faaliyet,,,,a2_u3
iptal etmek,to cancel,fiil,faaliyet,,,,a2_u3
kaçmak,to escape,fiil,faaliyet,,,,a2_u3
karar vermek,to decide,fiil,faaliyet,,,,a2_u3
kartopu oynamak,to play snowball,fiil,faaliyet,,,,a2_u3
katılmak,to join,fiil,faaliyet,,,,a2_u3
kürek yapmak,to shovel,fiil,faaliyet,,,,a2_u3
tahmin etmek,to guess,fiil,faaliyet,,,,a2_u3
takmak,to wear,fiil,faaliyet,,,,a2_u3
tıraş olmak,to shave,fiil,faaliyet,,,,a2_u3
tükenmek,to run out,fiil,faaliyet,,,,a2_u3
bilmece,puzzle,isim,,,,,a2_u4
cankurtaran,lifeguard,isim,,,,,a2_u4
deve,camel,isim,,,,,a2_u4
diyar,land,isim,,,,,a2_u4
efsane,legend,isim,,,,,a2_u4
efsanevi,legendary,sıfat,,,,,a2_u4
fakir,poor,sıfat,,,,,a2_u4
fıkra,paragraph,isim,,,,,a2_u4
fıkra,clause,isim,,,,,a2_u4
fıkra,joke,isim,,,,,a2_u4
hayran,admirer,isim,,,,,a2_u4
hayran,fanatic,isim,,,,,a2_u4
hayran olmak,to admire,fiil,faaliyet,,,,a2_u4
inşaat,construction,isim,,,,,a2_u4
inşaat yapmak,to build,fiil,faaliyet,,,,a2_u4
işçi,worker,isim,,,,,a2_u4
kasaba,small town,isim,,,,,a2_u4
kasiyer,cashier,isim,,,,,a2_u4
kaval,flute,isim,,,,,a2_u4
kıtlık,famine,isim,,,,,a2_u4
köçek,dancer,isim,,,,,a2_u4
macera,adventure,isim,,,,,a2_u4
müşteri,customer,isim,,,,,a2_u4
ölümsüz,immortal,sıfat,,,,,a2_u4
pansiyon,hostel,isim,,,,,a2_u4
pansiyon,pension,isim,,,,,a2_u4
santral görevlisi,switchboard operator,isim,,,,,a2_u4
sebze,vegetable,isim,,,,,a2_u4
sedefkar,pearl maker,isim,,,,,a2_u4
sihirli,magical,sıfat,,,,,a2_u4
sürü,herd,isim,,,,,a2_u4
tarla,field,isim,,,,,a2_u4
tas,vessel,isim,,,,,a2_u4
tas,bowl,isim,,,,,a2_u4
tembel,lazy,sıfat,,,,,a2_u4
tezgahtar,shop assistant,isim,,,,,a2_u4
uslu,obedient,sıfat,,,,,a2_u4
vestiyer,wardrobe,isim,,,,,a2_u4
yaramaz,naughty,sıfat,,,,,a2_u4
yem,bait,isim,,,,,a2_u4
yönetman,director,isim,,,,,a2_u4
alay etmek,to mock,fiil,faaliyet,,,,a2_u4
anırmak,to scream,fiil,faaliyet,,,,a2_u4
bağlamak,to tie,fiil,faaliyet,,,,a2_u4
bağlamak,to connect,fiil,faaliyet,,,,a2_u4
fethetmek,to conquer,fiil,faaliyet,,,,a2_u4
fışkırmak,to gush,fiil,faaliyet,,,,a2_u4
incitmek,to hurt,fiil,faaliyet,,,,a2_u4
oda tutmak,to rent a room,fiil,faaliyet,,,,a2_u4
şaşırmak,to be surprised,fiil,faaliyet,,,,a2_u4
şımartmak,to spoil,fiil,faaliyet,,,,a2_u4
tutuklamak,to arrest,fiil,faaliyet,,,,a2_u4
tutuklamak,to detain,fiil,faaliyet,,,,a2_u4
yetiştirmek,to raise,fiil,faaliyet,,,,a2_u4
utanmak,to be ashamed,fiil,faaliyet,,,,a2_u4
utanmak,to be embarrassed,fiil,faaliyet,,,,a2_u4
sınır,border,isim,,,,,a2_u5
yarışma,competition,isim,,,,,a2_u5
cadı,witch,isim,,,,,a2_u5
cadılar bayramı,Halloween,isim,,,,,a2_u5
zehir,poison,isim,,,,,a2_u5
zehirlenmek,to be poisoned,fiil,faaliyet,,,,a2_u5
zehirli,poisonous,sıfat,,,,,a2_u5
karşılaşmak,to encounter,fiil,faaliyet,,,,a2_u5
uykuya dalmak,to fall asleep,fiil,faaliyet,,,,a2_u5
yoksul,poor,sıfat,,,,,a2_u5
hırsız,thief,isim,,,,,a2_u5
hazine,treasure,isim,,,,,a2_u5
kendi bildiğini okumak,to do as one pleases,fiil,faaliyet,,,,a2_u5
doldurmak,to fill,fiil,faaliyet,,,,a2_u5
dolmak,to be filled,fiil,faaliyet,,,,a2_u5
akmak,to flow,fiil,faaliyet,,,,a2_u5
dökmek,to pour,fiil,faaliyet,,,,a2_u5
davranmak,to behave,fiil,faaliyet,,,,a2_u5
bencil,selfish,sıfat,,,,,a2_u5
bencil,stingy,sıfat,,,,,a2_u5
neşeli,cheerful,sıfat,,,,,a2_u5
neşelenmak,to cheer up,fiil,faaliyet,,,,a2_u5
kovalamak,to chase,fiil,faaliyet,,,,a2_u5
kandırmak,to deceive,fiil,faaliyet,,,,a2_u5
kandırmak,to cheat (something),fiil,faaliyet,,,,a2_u5
aldatmak,to cheat (someone),fiil,faaliyet,,,,a2_u5
ortak nokta,common point,isim,,,,,a2_u5
olarak,as,zarf,,,,,a2_u5
sırasında,during,zarf,,,,,a2_u5
aslında,actually,zarf,,,,,a2_u5
aslında,in fact,zarf,,,,,a2_u5
inanılmaz,incredible,sıfat,,,,,a2_u5
inanılmaz,unbelievable,sıfat,,,,,a2_u5
sanki,as if,zarf,,,,,a2_u5
ikram,offering,isim,,,,,a2_u5
ikram etmek,to offer,fiil,faaliyet,,,,a2_u5
tad,flavor,isim,,,,,a2_u5
şimdiye kadar,so far,zarf,,,,,a2_u5
deflarca,dozens of,zarf,,,,,a2_u5
yıllarca,for years,zarf,,,,,a2_u5
goturmek,to take,fiil,faaliyet,,,,a2_u5
malzeme,material,isim,,,,,a2_u5
incebel,thin waist,isim,,,,,a2_u5
bile,even,zarf,,,,,a2_u5
bile,even if,zarf,,,,,a2_u5
